140,2011.08.11 14:51,s/l,70,1.00,0.75210,0.75210,0.62210,-1994.36,990737.52
150,2011.09.02 08:23,s/l,75,1.00,0.78385,0.78385,0.91385,-1908.15,990881.89
132,2011.07.25 11:52,s/l,66,1.00,0.80403,0.80403,0.93403,-1860.10,989457.86
344,2015.01.21 16:40,s/l,172,1.00,0.84991,0.84991,0.97991,-1765.02,984093.80
122,2011.05.27 05:23,s/l,61,1.00,0.85588,0.85588,0.98588,-1747.14,992271.22
338,2015.01.19 00:00,s/l,169,1.00,0.86132,0.86132,0.99132,-1731.40,986853.93
340,2015.01.19 21:59,s/l,170,1.00,0.87964,0.87964,0.74964,-1705.10,985148.83
108,2011.04.14 07:23,s/l,54,1.00,0.89194,0.89194,1.02194,-1659.95,994399.18
188,2011.12.13 16:47,s/l,94,1.00,0.94071,0.94071,0.81071,-1605.56,987710.12
256,2013.06.03 17:20,s/l,128,1.00,0.94229,0.94229,1.07229,-1592.04,985695.43
86,2011.01.04 17:04,s/l,43,1.00,0.94982,0.94982,0.81982,-1579.13,997719.51
656,2020.03.12 17:53,s/l,328,1.00,0.95234,0.95234,0.82234,-1575.07,989663.62
734,2022.06.16 19:28,s/l,367,1.00,0.96542,0.96542,1.09542,-1553.73,987484.86
732,2022.06.16 10:30,s/l,366,1.00,0.98985,0.98985,1.11985,-1499.08,989038.59
246,2013.04.04 22:40,close,123,1.00,0.93963,0.93633,1.06633,-1245.17,987025.16
494,2016.04.14 02:05,close,247,1.00,0.96672,0.97015,0.84015,-1240.95,987430.77
544,2017.02.16 20:15,close,272,1.00,0.99926,0.99664,1.12664,-1222.42,986549.70
182,2011.11.15 20:40,close,91,1.00,0.91562,0.92001,0.79001,-1169.81,989263.01
530,2016.12.15 05:15,close,265,1.00,1.02247,1.02608,0.89608,-1147.06,987643.13
54,2010.09.14 13:10,close,27,1.00,1.00339,0.99915,1.12915,-1066.86,1001941.20
426,2015.07.14 06:00,close,213,1.00,0.95057,0.95593,0.82593,-1036.19,990396.33
157,2011.09.19 00:05,close,78,1.00,0.88083,0.88692,0.75692,-1033.61,989845.24
564,2017.08.17 03:55,close,282,1.00,0.96540,0.96044,1.09044,-1023.48,986370.44
76,2010.11.05 12:35,close,38,1.00,0.95712,0.95164,1.08164,-989.15,1000536.42
14,2010.03.26 05:25,close,7,1.00,1.07127,1.07629,0.94629,-975.72,1000182.15
772,2022.10.27 07:30,close,386,1.00,0.98641,0.98084,1.11084,-933.99,988741.19
126,2011.06.30 18:45,close,63,1.00,0.84189,0.84910,0.71910,-925.30,991353.04
766,2022.10.17 06:50,close,383,1.00,1.00362,1.01009,0.88009,-905.07,989761.58
250,2013.05.03 00:35,close,125,1.00,0.93516,0.94236,0.81236,-845.11,986892.74
112,2011.04.28 08:25,close,56,1.00,0.87063,0.86248,0.99248,-770.29,993453.80
407,2015.06.23 09:05,close,203,1.00,0.92770,0.93597,0.80597,-736.48,991136.18
388,2015.05.05 22:30,close,194,1.00,0.92640,0.91822,1.04822,-736.18,989494.99
438,2015.08.27 02:45,close,219,1.00,0.95241,0.96083,0.83083,-723.97,989897.73
60,2010.09.24 15:51,close,30,1.00,0.98026,0.97232,1.10232,-720.22,1000912.43
470,2015.11.13 23:05,close,235,1.00,1.00733,1.01543,0.88543,-684.98,988536.43
78,2010.12.06 20:30,close,39,1.00,0.98197,0.99032,0.86032,-677.21,999859.21
234,2012.12.17 03:35,close,117,1.00,0.91898,0.91003,1.04003,-647.34,988224.13
778,2022.11.16 09:10,close,389,1.00,0.94354,0.95287,0.82287,-611.96,988679.00
499,2016.06.24 00:15,close,249,1.00,0.96085,0.97016,0.84016,-592.18,986724.86
640,2019.08.26 12:55,close,320,1.00,0.97844,0.96898,1.09898,-560.71,989448.80
444,2015.09.03 05:35,close,222,1.00,0.96929,0.97919,0.84919,-559.25,989466.19
106,2011.03.28 11:30,close,53,1.00,0.91853,0.92852,0.79852,-556.47,996059.13
412,2015.07.01 01:05,close,206,1.00,0.93535,0.94532,0.81532,-548.80,991152.22
550,2017.03.31 03:05,close,275,1.00,1.00107,1.01071,0.88071,-546.46,986394.42
24,2010.05.24 18:35,close,12,1.00,1.15627,1.16519,1.03519,-536.86,1003180.47
258,2013.06.11 09:20,close,129,1.00,0.93242,0.92246,1.05246,-535.03,985160.41
461,2015.09.29 03:05,close,230,1.00,0.97369,0.96394,1.09394,-533.69,989233.54
90,2011.01.19 22:30,close,45,1.00,0.95495,0.94502,1.07502,-530.92,997383.91
98,2011.02.18 22:20,close,49,1.00,0.94601,0.93602,1.06602,-529.59,996974.20
26,2010.05.28 16:35,close,13,1.00,1.15316,1.14440,1.27440,-519.12,1002661.35
32,2010.06.08 03:15,close,16,1.00,1.16210,1.17134,1.04134,-517.71,1002335.32
216,2012.05.31 08:40,close,108,1.00,0.96920,0.97951,0.84951,-516.99,988307.64
166,2011.09.30 08:05,close,83,1.00,0.90007,0.91054,0.78054,-514.32,989361.41
704,2021.08.16 20:05,close,352,1.00,0.91236,0.90171,1.03171,-476.79,989464.93
570,2017.09.15 05:10,close,285,1.00,0.96371,0.95332,1.08332,-472.86,987862.92
606,2018.09.21 17:25,close,303,1.00,0.95704,0.94661,1.07661,-472.01,987896.18
466,2015.10.06 00:20,close,233,1.00,0.97564,0.98629,0.85629,-467.92,988948.15
472,2015.12.07 02:55,close,236,1.00,0.99728,0.98694,1.11694,-461.77,988074.66
144,2011.08.17 02:20,close,72,1.00,0.79560,0.80702,0.67702,-461.00,990929.49
34,2010.06.08 21:10,close,17,1.00,1.15364,1.14389,1.27389,-455.08,1001880.24
104,2011.03.24 11:15,close,52,1.00,0.91113,0.92246,0.79246,-435.89,996615.60
676,2020.07.03 08:55,close,338,1.00,0.94591,0.93505,1.06505,-410.17,990315.71
58,2010.09.20 07:35,close,29,1.00,1.01130,1.00039,1.13039,-398.93,1001632.65
644,2020.01.23 07:30,close,322,1.00,0.96816,0.95709,1.08709,-389.42,989093.98
596,2018.07.13 06:20,close,298,1.00,1.00191,1.01315,0.88315,-386.31,988746.23
320,2014.09.19 00:55,close,160,1.00,0.93415,0.92279,1.05279,-384.16,987825.57
450,2015.09.16 23:55,close,225,1.00,0.97124,0.95997,1.08997,-384.05,989229.47
72,2010.10.20 08:15,close,36,1.00,0.96671,0.95545,1.08545,-381.38,1001446.51
588,2018.02.19 00:00,close,294,1.00,0.92711,0.93875,0.80875,-373.45,989137.65
358,2015.02.05 16:15,close,179,1.00,0.92631,0.93816,0.80816,-373.15,986065.69
84,2010.12.20 20:35,close,42,1.00,0.96597,0.95456,1.08456,-371.65,999298.64
528,2016.12.13 21:10,close,264,1.00,1.01265,1.00142,1.13142,-366.79,988790.19
38,2010.07.02 13:35,close,19,1.00,1.06393,1.07503,0.94503,-366.57,1001606.24
170,2011.10.06 12:05,close,85,1.00,0.92411,0.93603,0.80603,-366.38,989376.08
678,2020.07.16 03:05,close,339,1.00,0.94481,0.95672,0.82672,-360.14,989955.56
760,2022.09.30 07:15,close,380,1.00,0.97611,0.96466,1.09466,-358.19,989750.47
680,2020.09.02 01:05,close,340,1.00,0.90952,0.92148,0.79148,-345.27,989610.29
294,2014.02.24 00:05,close,147,1.00,0.88722,0.87530,1.00530,-341.65,986492.01
68,2010.10.04 07:45,close,34,1.00,0.97760,0.96587,1.09587,-328.99,1001709.51
46,2010.07.14 07:10,close,23,1.00,1.05780,1.04625,1.17625,-320.65,1002256.19
516,2016.10.24 07:00,close,258,1.00,0.99462,1.00671,0.87671,-314.63,988044.75
624,2019.03.08 05:55,close,312,1.00,1.01104,1.02299,0.89299,-312.70,988632.47
92,2011.01.28 05:55,close,46,1.00,0.94532,0.95786,0.82786,-304.35,997079.56
618,2019.01.23 23:25,close,309,1.00,0.99474,0.98275,1.11275,-302.59,988621.32
474,2015.12.11 15:00,close,237,1.00,0.98746,0.99966,0.86966,-294.59,987780.07
434,2015.08.13 22:15,close,217,1.00,0.97715,0.98962,0.85962,-292.01,990035.27
536,2016.12.27 17:05,close,268,1.00,1.02933,1.04150,0.91150,-285.97,987392.23
664,2020.03.26 02:15,close,332,1.00,0.97694,0.96489,1.09489,-285.46,990442.39
604,2018.08.07 11:25,close,302,1.00,0.99572,1.00805,0.87805,-279.18,988368.19
628,2019.06.28 02:25,close,314,1.00,0.97680,0.96453,1.09453,-273.98,988504.54
252,2013.05.03 20:25,close,126,1.00,0.93507,0.92247,1.05247,-256.67,986636.07
80,2010.12.08 11:10,close,40,1.00,0.98769,1.00029,0.87029,-254.02,999605.19
744,2022.07.29 12:30,close,372,1.00,0.95326,0.94067,1.07067,-252.82,987337.73
270,2013.07.22 09:00,close,135,1.00,0.94018,0.92760,1.05760,-251.90,986295.57
386,2015.05.01 20:05,close,193,1.00,0.93448,0.92182,1.05182,-244.91,990231.17
670,2020.04.10 22:05,close,335,1.00,0.96548,0.95284,1.08284,-238.94,990964.12
278,2013.10.18 00:00,close,139,1.00,0.90240,0.88958,1.01958,-236.08,986169.19
6,2010.02.08 21:05,close,3,1.00,1.07148,1.05905,1.18905,-234.36,1000102.63
414,2015.07.02 00:35,close,207,1.00,0.94800,0.96111,0.83111,-232.46,990919.75
198,2012.02.17 13:10,close,99,1.00,0.91910,0.90618,1.03618,-220.81,987654.43
430,2015.07.22 04:00,close,215,1.00,0.95796,0.97119,0.84119,-217.86,990341.47
232,2012.11.21 11:35,close,116,1.00,0.94222,0.95522,0.82522,-212.26,988871.47
512,2016.09.19 00:45,close,256,1.00,0.98036,0.99344,0.86344,-206.88,987842.62
129,2011.07.21 14:25,close,64,1.00,0.82038,0.80703,0.93703,-201.13,991151.91
770,2022.10.21 18:00,close,385,1.00,1.00539,1.01849,0.88849,-200.01,989675.17
480,2016.01.11 06:00,close,240,1.00,0.99436,0.98138,1.11138,-197.65,987800.26
326,2014.11.18 04:20,close,163,1.00,0.96331,0.97652,0.84652,-196.85,987739.80
154,2011.09.14 23:55,close,77,1.00,0.87618,0.86290,0.99290,-196.31,990878.85
748,2022.08.15 02:35,close,374,1.00,0.94158,0.92847,1.05847,-195.23,987284.75
672,2020.05.13 18:30,close,336,1.00,0.97025,0.95727,1.08727,-191.69,990772.43
116,2011.05.04 13:40,close,58,1.00,0.86231,0.84899,0.97899,-189.33,993519.10
330,2014.12.11 12:30,close,165,1.00,0.96631,0.95317,1.08317,-175.98,987639.45
110,2011.04.18 21:55,close,55,1.00,0.89670,0.91013,0.78013,-175.09,994224.09
740,2022.07.20 02:15,close,370,1.00,0.96870,0.95537,1.08537,-166.90,987483.70
560,2017.06.19 06:45,close,280,1.00,0.97362,0.98700,0.85700,-166.39,987418.67
240,2013.03.05 13:00,close,120,1.00,0.94190,0.92850,1.05850,-164.37,988064.62
392,2015.05.11 18:00,close,196,1.00,0.93420,0.94770,0.81770,-160.57,989372.66
280,2013.10.25 04:15,close,140,1.00,0.89263,0.90630,0.77630,-160.03,986009.16
160,2011.09.19 06:20,close,80,1.00,0.88237,0.89596,0.76596,-159.80,989700.20
224,2012.08.02 22:30,close,112,1.00,0.98633,0.99979,0.86979,-156.13,988900.36
638,2019.08.23 16:45,close,319,1.00,0.98419,0.99783,0.86783,-149.21,990009.51
506,2016.07.08 05:40,close,253,1.00,0.97834,0.99191,0.86191,-146.17,987085.36
756,2022.09.27 04:20,close,378,1.00,0.99172,1.00539,0.87539,-145.14,988329.18
710,2021.11.23 03:35,close,355,1.00,0.93239,0.94614,0.81614,-145.09,989313.41
102,2011.03.21 13:30,close,51,1.00,0.90513,0.91888,0.78888,-138.10,997051.49
396,2015.05.21 00:30,close,198,1.00,0.93674,0.92318,1.05318,-137.22,989757.41
724,2022.05.02 09:10,close,362,1.00,0.97472,0.98841,0.85841,-134.40,989993.26
192,2012.01.03 22:05,close,96,1.00,0.93192,0.91817,1.04817,-134.13,987699.98
600,2018.07.18 14:15,close,300,1.00,1.00027,1.01406,0.88406,-132.00,988632.19
582,2018.01.19 14:50,close,291,1.00,0.95882,0.94507,1.07507,-124.87,989391.92
496,2016.06.23 20:05,close,248,1.00,0.95839,0.94448,1.07448,-113.73,987317.04
684,2020.12.07 22:20,close,342,1.00,0.89046,0.87652,1.00652,-113.54,989418.77
576,2017.10.16 07:35,close,288,1.00,0.97589,0.98986,0.85986,-105.54,988515.58
174,2011.10.26 08:45,close,87,1.00,0.87782,0.86379,0.99379,-105.00,989225.50
290,2014.01.08 20:25,close,145,1.00,0.91168,0.89754,1.02754,-94.33,986469.98
266,2013.06.24 07:55,close,133,1.00,0.93621,0.95052,0.82052,-84.73,986475.96
300,2014.06.16 20:05,close,150,1.00,0.89750,0.88324,1.01324,-82.45,987830.55
682,2020.09.21 05:40,close,341,1.00,0.91045,0.92474,0.79474,-77.98,989532.31
658,2020.03.17 02:00,close,329,1.00,0.94738,0.93317,1.06317,-77.89,989585.74
478,2015.12.23 02:15,close,239,1.00,0.98763,0.97343,1.10343,-75.50,987997.90
590,2018.03.13 03:45,close,295,1.00,0.94697,0.96136,0.83136,-75.45,989062.20
366,2015.03.04 03:00,close,183,1.00,0.96078,0.97525,0.84525,-66.19,987879.28
702,2021.08.10 05:15,close,351,1.00,0.92033,0.93475,0.80475,-63.02,989941.72
226,2012.10.04 21:40,close,113,1.00,0.93054,0.91607,1.04607,-56.96,988843.40
686,2020.12.15 19:10,close,343,1.00,0.88646,0.90097,0.77097,-55.28,989363.49
522,2016.11.08 13:25,close,261,1.00,0.97597,0.96156,1.09156,-54.95,988045.01
200,2012.02.22 08:25,close,100,1.00,0.91224,0.92684,0.79684,-54.88,987599.55
202,2012.03.05 03:10,close,101,1.00,0.91329,0.92789,0.79789,-54.83,987544.72
40,2010.07.06 21:30,close,20,1.00,1.05941,1.04497,1.17497,-52.86,1001553.38
464,2015.10.01 23:35,close,232,1.00,0.97743,0.96294,1.09294,-52.18,989416.07
306,2014.07.16 00:50,close,153,1.00,0.89600,0.91064,0.78064,-51.21,987928.59
440,2015.08.31 11:50,close,220,1.00,0.96284,0.94830,1.07830,-47.78,989849.95
674,2020.06.23 21:25,close,337,1.00,0.94504,0.93048,1.06048,-46.56,990725.87
282,2013.10.25 16:30,close,141,1.00,0.89390,0.90849,0.77849,-45.87,985963.29
172,2011.10.07 01:00,close,86,1.00,0.92010,0.90557,1.03557,-45.58,989330.50
694,2021.05.10 05:25,close,347,1.00,0.90150,0.88696,1.01696,-45.53,989851.70
244,2013.03.18 07:15,close,122,1.00,0.94412,0.92953,1.05953,-43.43,988270.33
490,2016.04.04 02:15,close,245,1.00,0.95872,0.94418,1.07418,-42.48,988593.42
43,2010.07.12 02:10,close,21,1.00,1.05517,1.06974,0.93974,-40.75,1001512.63
716,2022.01.24 12:30,close,358,1.00,0.91167,0.92630,0.79630,-40.58,989290.16
558,2017.05.18 23:45,close,279,1.00,0.97972,0.99434,0.86434,-38.79,987585.06
706,2021.09.15 06:35,close,353,1.00,0.91968,0.93433,0.80433,-38.06,989426.87
187,2011.12.12 02:05,close,93,1.00,0.92571,0.91105,1.04105,-36.73,989315.68
146,2011.08.22 20:30,close,73,1.00,0.78944,0.77472,0.90472,-35.47,990894.02
546,2017.02.27 04:15,close,273,1.00,1.00726,1.02191,0.89191,-34.75,986514.95
8,2010.02.19 11:00,close,4,1.00,1.08610,1.10075,0.97075,-32.23,1000070.40
314,2014.08.18 01:25,close,157,1.00,0.90334,0.88860,1.01860,-28.78,988019.96
28,2010.05.28 20:15,close,14,1.00,1.15738,1.14270,1.27270,-27.65,1002633.70
752,2022.09.14 08:45,close,376,1.00,0.96136,0.97621,0.84621,-26.63,987571.84
562,2017.07.31 15:40,close,281,1.00,0.96956,0.98432,0.85432,-24.75,987393.92
20,2010.04.26 19:55,close,10,1.00,1.07631,1.06157,1.19157,-24.16,1000757.75
272,2013.08.16 01:20,close,136,1.00,0.92593,0.91119,1.04119,-22.58,986272.99
368,2015.03.05 05:20,close,184,1.00,0.96509,0.95045,1.08045,-20.80,987858.48
334,2015.01.08 04:50,close,167,1.00,1.01562,1.00099,1.13099,-19.93,988196.75
238,2013.02.25 02:05,close,119,1.00,0.93109,0.91627,1.04627,-19.33,988228.99
532,2016.12.26 12:00,close,266,1.00,1.02624,1.04105,0.91105,-18.51,987624.62
432,2015.08.07 17:25,close,216,1.00,0.98692,0.97206,1.10206,-14.19,990327.28
594,2018.06.14 04:40,close,297,1.00,0.98518,0.97048,1.10048,-13.95,989132.54
518,2016.10.26 00:01,close,259,1.00,0.99404,0.97920,1.10920,-10.60,988034.15
720,2022.02.28 01:25,close,360,1.00,0.92627,0.91136,1.04136,-9.72,989914.01
322,2014.10.16 18:25,close,161,1.00,0.94293,0.95786,0.82786,-7.42,987818.15
162,2011.09.20 22:00,close,81,1.00,0.88885,0.90381,0.77381,-4.50,989695.70
446,2015.09.04 18:00,close,223,1.00,0.97503,0.96005,1.09005,-2.05,989464.14
1,2010.01.18 00:05,buy,1,1.00,1.02793,1.01293,1.14293,0.00,1000000.00
3,2010.02.01 11:20,buy,2,1.00,1.05898,1.04398,1.17398,0.00,1000020.43
5,2010.02.05 22:10,buy,3,1.00,1.07405,1.05905,1.18905,0.00,1000336.99
7,2010.02.19 00:25,sell,4,1.00,1.08575,1.10075,0.97075,0.00,1000102.63
9,2010.03.03 18:45,buy,5,1.00,1.06659,1.05159,1.18159,0.00,1000070.40
11,2010.03.16 19:15,sell,6,1.00,1.05567,1.07067,0.94067,0.00,1001050.71
13,2010.03.24 08:00,sell,7,1.00,1.06129,1.07629,0.94629,0.00,1001157.87
15,2010.03.29 05:10,sell,8,1.00,1.06773,1.08273,0.95273,0.00,1000182.15
17,2010.04.01 17:50,buy,9,1.00,1.05193,1.03693,1.16693,0.00,1000542.15
19,2010.04.26 14:15,buy,10,1.00,1.07657,1.06157,1.19157,0.00,1000781.91
21,2010.05.14 02:10,buy,11,1.00,1.11848,1.10348,1.23348,0.00,1000757.75
23,2010.05.21 11:05,sell,12,1.00,1.15019,1.16519,1.03519,0.00,1003717.33
25,2010.05.26 20:05,buy,13,1.00,1.15940,1.14440,1.27440,0.00,1003180.47
27,2010.05.28 18:40,buy,14,1.00,1.15770,1.14270,1.27270,0.00,1002661.35
29,2010.06.02 02:05,buy,15,1.00,1.15553,1.14053,1.27053,0.00,1002633.70
31,2010.06.04 15:55,sell,16,1.00,1.15634,1.17134,1.04134,0.00,1002853.03
33,2010.06.08 17:10,buy,17,1.00,1.15889,1.14389,1.27389,0.00,1002335.32
35,2010.06.22 19:20,buy,18,1.00,1.10469,1.08969,1.21969,0.00,1001880.24
37,2010.07.02 01:30,sell,19,1.00,1.06003,1.07503,0.94503,0.00,1001972.81
39,2010.07.06 09:20,buy,20,1.00,1.05997,1.04497,1.17497,0.00,1001606.24
41,2010.07.12 00:05,sell,21,1.00,1.05474,1.06974,0.93974,0.00,1001553.38
42,2010.07.12 02:10,buy,22,1.00,1.05517,1.04017,1.17017,0.00,1001553.38
45,2010.07.13 13:45,buy,23,1.00,1.06125,1.04625,1.17625,0.00,1002576.84
47,2010.08.13 14:05,sell,24,1.00,1.05355,1.06855,0.93855,0.00,1002256.19
49,2010.08.19 16:45,buy,25,1.00,1.02826,1.01326,1.14326,0.00,1002482.60
51,2010.08.31 13:30,sell,26,1.00,1.01895,1.03395,0.90395,0.00,1002900.97
53,2010.09.13 13:10,buy,27,1.00,1.01415,0.99915,1.12915,0.00,1003008.06
55,2010.09.14 18:15,buy,28,1.00,0.99490,0.97990,1.10990,0.00,1001941.20
57,2010.09.17 08:05,buy,29,1.00,1.01539,1.00039,1.13039,0.00,1002031.58
59,2010.09.24 06:21,buy,30,1.00,0.98732,0.97232,1.10232,0.00,1001632.65
61,2010.09.24 21:01,sell,31,1.00,0.98570,1.00070,0.87070,0.00,1000912.43
63,2010.09.28 11:10,sell,32,1.00,0.98578,1.00078,0.87078,0.00,1000948.09
64,2010.09.28 18:00,buy,33,1.00,0.97575,0.96075,1.09075,0.00,1000948.09
67,2010.10.01 07:00,buy,34,1.00,0.98087,0.96587,1.09587,0.00,1002038.50
69,2010.10.15 21:45,sell,35,1.00,0.95943,0.97443,0.84443,0.00,1001709.51
71,2010.10.19 19:10,buy,36,1.00,0.97045,0.95545,1.08545,0.00,1001827.89
73,2010.10.22 10:55,sell,37,1.00,0.97477,0.98977,0.85977,0.00,1001446.51
75,2010.11.04 11:10,buy,38,1.00,0.96664,0.95164,1.08164,0.00,1001525.57
77,2010.12.06 02:05,sell,39,1.00,0.97532,0.99032,0.86032,0.00,1000536.42
79,2010.12.07 20:40,sell,40,1.00,0.98529,1.00029,0.87029,0.00,999859.21
81,2010.12.08 12:20,buy,41,1.00,0.98710,0.97210,1.10210,0.00,999605.19
83,2010.12.20 03:55,buy,42,1.00,0.96956,0.95456,1.08456,0.00,999670.29
85,2011.01.04 03:20,sell,43,1.00,0.93482,0.94982,0.81982,0.00,999298.64
87,2011.01.14 13:25,sell,44,1.00,0.96638,0.98138,0.85138,0.00,997719.51
89,2011.01.19 16:20,buy,45,1.00,0.96002,0.94502,1.07502,0.00,997914.83
91,2011.01.26 20:20,sell,46,1.00,0.94286,0.95786,0.82786,0.00,997383.91
93,2011.01.31 15:45,buy,47,1.00,0.94153,0.92653,1.05653,0.00,997079.56
94,2011.01.31 21:00,sell,48,1.00,0.94329,0.95829,0.82829,0.00,997079.56
97,2011.02.18 15:45,buy,49,1.00,0.95102,0.93602,1.06602,0.00,997503.79
99,2011.03.17 10:45,sell,50,1.00,0.90304,0.91804,0.78804,0.00,996974.20
101,2011.03.21 09:05,sell,51,1.00,0.90388,0.91888,0.78888,0.00,997189.59
103,2011.03.23 18:30,sell,52,1.00,0.90746,0.92246,0.79246,0.00,997051.49
105,2011.03.25 11:15,sell,53,1.00,0.91352,0.92852,0.79852,0.00,996615.60
107,2011.04.12 03:15,buy,54,1.00,0.90694,0.89194,1.02194,0.00,996059.13
109,2011.04.18 15:05,sell,55,1.00,0.89513,0.91013,0.78013,0.00,994399.18
111,2011.04.27 20:35,buy,56,1.00,0.87748,0.86248,0.99248,0.00,994224.09
113,2011.05.02 15:50,sell,57,1.00,0.86624,0.88124,0.75124,0.00,993453.80
115,2011.05.03 16:05,buy,58,1.00,0.86399,0.84899,0.97899,0.00,993708.42
117,2011.05.06 09:05,buy,59,1.00,0.86928,0.85428,0.98428,0.00,993519.10
119,2011.05.09 13:15,sell,60,1.00,0.87638,0.89138,0.76138,0.00,993913.27
121,2011.05.26 08:05,buy,61,1.00,0.87088,0.85588,0.98588,0.00,994018.36
123,2011.06.22 10:00,buy,62,1.00,0.84218,0.82718,0.95718,0.00,992271.22
125,2011.06.30 12:55,sell,63,1.00,0.83410,0.84910,0.71910,0.00,992278.34
127,2011.07.21 06:35,buy,64,1.00,0.82203,0.80703,0.93703,0.00,991353.04
128,2011.07.21 14:25,sell,65,1.00,0.82038,0.83538,0.70538,0.00,991353.04
131,2011.07.22 08:10,buy,66,1.00,0.81903,0.80403,0.93403,0.00,991317.96
133,2011.08.03 09:00,buy,67,1.00,0.76740,0.75240,0.88240,0.00,989457.86
135,2011.08.03 17:15,buy,68,1.00,0.76524,0.75024,0.88024,0.00,990585.22
137,2011.08.11 02:00,buy,69,1.00,0.72625,0.71125,0.84125,0.00,991259.90
138,2011.08.11 11:50,sell,70,1.00,0.73710,0.75210,0.62210,0.00,991259.90
141,2011.08.15 06:45,sell,71,1.00,0.78923,0.80423,0.67423,0.00,990737.52
143,2011.08.16 19:10,sell,72,1.00,0.79202,0.80702,0.67702,0.00,991390.49
145,2011.08.22 00:05,buy,73,1.00,0.78972,0.77472,0.90472,0.00,990929.49
147,2011.08.25 11:05,buy,74,1.00,0.79324,0.77824,0.90824,0.00,990894.02
149,2011.09.01 15:05,buy,75,1.00,0.79885,0.78385,0.91385,0.00,992790.04
151,2011.09.09 16:10,sell,76,1.00,0.88286,0.89786,0.76786,0.00,990881.89
153,2011.09.14 14:55,buy,77,1.00,0.87790,0.86290,0.99290,0.00,991075.16
155,2011.09.15 15:05,sell,78,1.00,0.87192,0.88692,0.75692,0.00,990878.85
156,2011.09.19 00:05,buy,79,1.00,0.88083,0.86583,0.99583,0.00,990878.85
158,2011.09.19 02:05,sell,80,1.00,0.88096,0.89596,0.76596,0.00,989845.24
161,2011.09.20 19:30,sell,81,1.00,0.88881,0.90381,0.77381,0.00,989700.20
163,2011.09.23 14:20,sell,82,1.00,0.90701,0.92201,0.79201,0.00,989695.70
165,2011.09.29 14:20,sell,83,1.00,0.89554,0.91054,0.78054,0.00,989875.73
167,2011.10.04 09:15,buy,84,1.00,0.92024,0.90524,1.03524,0.00,989361.41
169,2011.10.05 10:05,sell,85,1.00,0.92103,0.93603,0.80603,0.00,989742.46
171,2011.10.06 22:05,buy,86,1.00,0.92057,0.90557,1.03557,0.00,989376.08
173,2011.10.25 11:40,buy,87,1.00,0.87879,0.86379,0.99379,0.00,989330.50
175,2011.10.28 15:00,buy,88,1.00,0.86273,0.84773,0.97773,0.00,989225.50
177,2011.11.04 13:40,buy,89,1.00,0.88276,0.86776,0.99776,0.00,989237.09
179,2011.11.07 00:05,buy,90,1.00,0.88867,0.87367,1.00367,0.00,989952.40
181,2011.11.14 15:30,sell,91,1.00,0.90501,0.92001,0.79001,0.00,990432.82
183,2011.11.28 04:25,buy,92,1.00,0.92762,0.91262,1.04262,0.00,989263.01
185,2011.12.12 00:05,buy,93,1.00,0.92605,0.91105,1.04105,0.00,989352.41
186,2011.12.12 02:05,sell,94,1.00,0.92571,0.94071,0.81071,0.00,989352.41
189,2011.12.21 20:15,buy,95,1.00,0.93438,0.91938,1.04938,0.00,987710.12
191,2012.01.03 12:40,buy,96,1.00,0.93317,0.91817,1.04817,0.00,987834.11
193,2012.01.23 20:10,sell,97,1.00,0.92784,0.94284,0.81284,0.00,987699.98
195,2012.02.07 04:35,sell,98,1.00,0.91880,0.93380,0.80380,0.00,987721.54
197,2012.02.16 19:30,buy,99,1.00,0.92118,0.90618,1.03618,0.00,987875.24
199,2012.02.21 03:50,sell,100,1.00,0.91184,0.92684,0.79684,0.00,987654.43
201,2012.03.02 14:50,sell,101,1.00,0.91289,0.92789,0.79789,0.00,987599.55
203,2012.04.06 14:35,sell,102,1.00,0.91820,0.93320,0.80320,0.00,987544.72
205,2012.04.10 05:20,buy,103,1.00,0.91544,0.90044,1.03044,0.00,987660.30
207,2012.04.26 23:00,buy,104,1.00,0.90887,0.89387,1.02387,0.00,987977.17
209,2012.05.02 09:45,buy,105,1.00,0.91099,0.89599,1.02599,0.00,988237.28
211,2012.05.07 02:05,sell,106,1.00,0.92522,0.94022,0.81022,0.00,988566.60
213,2012.05.16 15:20,buy,107,1.00,0.94300,0.92800,1.05800,0.00,988740.92
215,2012.05.30 13:05,sell,108,1.00,0.96451,0.97951,0.84951,0.00,988824.63
217,2012.06.25 00:05,buy,109,1.00,0.95652,0.94152,1.07152,0.00,988307.64
219,2012.06.29 16:10,buy,110,1.00,0.94916,0.93416,1.06416,0.00,988438.15
221,2012.07.30 00:05,buy,111,1.00,0.97669,0.96169,1.09169,0.00,988813.40
223,2012.08.02 16:50,sell,112,1.00,0.98479,0.99979,0.86979,0.00,989056.49
225,2012.10.04 20:05,buy,113,1.00,0.93107,0.91607,1.04607,0.00,988900.36
227,2012.11.19 23:10,buy,114,1.00,0.94152,0.92652,1.05652,0.00,988843.40
228,2012.11.20 01:05,sell,115,1.00,0.94219,0.95719,0.82719,0.00,988843.40
231,2012.11.21 04:30,sell,116,1.00,0.94022,0.95522,0.82522,0.00,989083.73
233,2012.12.13 16:00,buy,117,1.00,0.92503,0.91003,1.04003,0.00,988871.47
235,2013.01.30 23:05,buy,118,1.00,0.91135,0.89635,1.02635,0.00,988224.13
237,2013.02.25 00:05,buy,119,1.00,0.93127,0.91627,1.04627,0.00,988248.32
239,2013.03.04 10:35,buy,120,1.00,0.94350,0.92850,1.05850,0.00,988228.99
241,2013.03.13 13:35,buy,121,1.00,0.94892,0.93392,1.06392,0.00,988064.62
243,2013.03.18 00:05,buy,122,1.00,0.94453,0.92953,1.05953,0.00,988313.76
245,2013.04.04 14:40,buy,123,1.00,0.95133,0.93633,1.06633,0.00,988270.33
247,2013.04.23 09:30,buy,124,1.00,0.93618,0.92118,1.05118,0.00,987025.16
249,2013.05.02 13:50,sell,125,1.00,0.92736,0.94236,0.81236,0.00,987737.85
251,2013.05.03 14:35,buy,126,1.00,0.93747,0.92247,1.05247,0.00,986892.74
253,2013.05.23 14:45,sell,127,1.00,0.96717,0.98217,0.85217,0.00,986636.07
255,2013.06.03 00:05,buy,128,1.00,0.95729,0.94229,1.07229,0.00,987287.47
257,2013.06.10 13:30,buy,129,1.00,0.93746,0.92246,1.05246,0.00,985695.43
259,2013.06.17 01:55,sell,130,1.00,0.92142,0.93642,0.80642,0.00,985160.41
261,2013.06.19 15:20,buy,131,1.00,0.92030,0.90530,1.03530,0.00,985266.73
263,2013.06.20 14:05,buy,132,1.00,0.93292,0.91792,1.04792,0.00,986277.27
264,2013.06.21 18:45,sell,133,1.00,0.93552,0.95052,0.82052,0.00,986277.27
267,2013.07.08 02:05,sell,134,1.00,0.96560,0.98060,0.85060,0.00,986475.96
269,2013.07.19 14:55,buy,135,1.00,0.94260,0.92760,1.05760,0.00,986547.47
271,2013.08.15 21:30,buy,136,1.00,0.92619,0.91119,1.04119,0.00,986295.57
273,2013.08.20 18:25,sell,137,1.00,0.91750,0.93250,0.80250,0.00,986272.99
275,2013.09.02 00:05,buy,138,1.00,0.93146,0.91646,1.04646,0.00,986295.88
277,2013.10.17 11:40,buy,139,1.00,0.90458,0.88958,1.01958,0.00,986405.27
279,2013.10.24 17:55,sell,140,1.00,0.89130,0.90630,0.77630,0.00,986169.19
281,2013.10.25 13:05,sell,141,1.00,0.89349,0.90849,0.77849,0.00,986009.16
283,2013.11.20 16:25,buy,142,1.00,0.91361,0.89861,1.02861,0.00,985963.29
285,2013.12.11 16:55,buy,143,1.00,0.88649,0.87149,1.00149,0.00,986145.89
287,2014.01.02 08:35,buy,144,1.00,0.89311,0.87811,1.00811,0.00,986192.84
289,2014.01.08 14:20,buy,145,1.00,0.91254,0.89754,1.02754,0.00,986564.31
291,2014.01.24 10:25,sell,146,1.00,0.89740,0.91240,0.78240,0.00,986469.98
293,2014.02.21 15:05,buy,147,1.00,0.89030,0.87530,1.00530,0.00,986833.65
295,2014.03.19 19:05,buy,148,1.00,0.87825,0.86325,0.99325,0.00,986492.01
297,2014.04.02 14:20,buy,149,1.00,0.88486,0.86986,0.99986,0.00,987112.74
299,2014.06.16 16:50,buy,150,1.00,0.89824,0.88324,1.01324,0.00,987913.00
301,2014.06.17 14:35,buy,151,1.00,0.89931,0.88431,1.01431,0.00,987830.55
303,2014.06.25 16:30,buy,152,1.00,0.89180,0.87680,1.00680,0.00,987902.78
305,2014.07.15 18:25,sell,153,1.00,0.89564,0.91064,0.78064,0.00,987979.80
307,2014.07.22 14:35,buy,154,1.00,0.90218,0.88718,1.01718,0.00,987928.59
309,2014.08.01 14:30,sell,155,1.00,0.90709,0.92209,0.79209,0.00,987937.46
311,2014.08.13 11:35,sell,156,1.00,0.90869,0.92369,0.79369,0.00,987983.79
313,2014.08.18 00:05,buy,157,1.00,0.90360,0.88860,1.01860,0.00,988048.74
315,2014.08.19 14:35,buy,158,1.00,0.90805,0.89305,1.02305,0.00,988019.96
317,2014.08.20 20:05,buy,159,1.00,0.91228,0.89728,1.02728,0.00,988090.39
319,2014.09.18 11:25,buy,160,1.00,0.93779,0.92279,1.05279,0.00,988209.73
321,2014.10.16 09:50,sell,161,1.00,0.94286,0.95786,0.82786,0.00,987825.57
323,2014.10.31 16:20,sell,162,1.00,0.96318,0.97818,0.84818,0.00,987818.15
325,2014.11.17 11:55,sell,163,1.00,0.96152,0.97652,0.84652,0.00,987936.65
327,2014.12.05 15:35,buy,164,1.00,0.97772,0.96272,1.09272,0.00,987739.80
329,2014.12.10 22:10,buy,165,1.00,0.96817,0.95317,1.08317,0.00,987815.43
331,2014.12.11 14:35,buy,166,1.00,0.96456,0.94956,1.07956,0.00,987639.45
333,2015.01.07 21:05,buy,167,1.00,1.01599,1.00099,1.13099,0.00,988216.67
335,2015.01.12 02:10,buy,168,1.00,1.01258,0.99758,1.12758,0.00,988196.75
337,2015.01.15 15:10,buy,169,1.00,0.87632,0.86132,0.99132,0.00,988585.33
339,2015.01.19 13:00,sell,170,1.00,0.86464,0.87964,0.74964,0.00,986853.93
341,2015.01.20 06:30,sell,171,1.00,0.87945,0.89445,0.76445,0.00,985148.83
343,2015.01.21 13:20,buy,172,1.00,0.86491,0.84991,0.97991,0.00,985858.82
345,2015.01.22 14:40,buy,173,1.00,0.85566,0.84066,0.97066,0.00,984093.80
347,2015.01.26 00:40,sell,174,1.00,0.88060,0.89560,0.76560,0.00,984749.78
349,2015.01.26 10:05,buy,175,1.00,0.88121,0.86621,0.99621,0.00,985116.78
351,2015.01.27 09:00,sell,176,1.00,0.90349,0.91849,0.78849,0.00,985579.89
353,2015.01.28 00:10,sell,177,1.00,0.90191,0.91691,0.78691,0.00,986135.26
355,2015.01.30 12:20,buy,178,1.00,0.92384,0.90884,1.03884,0.00,986288.50
357,2015.02.04 22:50,sell,179,1.00,0.92316,0.93816,0.80816,0.00,986438.84
359,2015.02.23 00:05,buy,180,1.00,0.94081,0.92581,1.05581,0.00,986065.69
361,2015.02.26 12:55,buy,181,1.00,0.94565,0.93065,1.06065,0.00,986996.84
362,2015.02.26 17:35,sell,182,1.00,0.95361,0.96861,0.83861,0.00,986996.84
365,2015.03.03 11:55,sell,183,1.00,0.96025,0.97525,0.84525,0.00,987945.47
367,2015.03.04 17:05,buy,184,1.00,0.96545,0.95045,1.08045,0.00,987879.28
369,2015.03.06 15:35,buy,185,1.00,0.97881,0.96381,1.09381,0.00,987858.48
371,2015.03.11 21:05,sell,186,1.00,1.00914,1.02414,0.89414,0.00,988125.44
372,2015.03.13 19:55,buy,187,1.00,1.00494,0.98994,1.11994,0.00,988125.44
375,2015.03.19 07:25,sell,188,1.00,0.99124,1.00624,0.87624,0.00,988670.66
377,2015.04.10 18:00,buy,189,1.00,0.97969,0.96469,1.09469,0.00,988802.99
379,2015.04.20 04:35,buy,190,1.00,0.95203,0.93703,1.06703,0.00,989353.63
381,2015.04.24 06:45,sell,191,1.00,0.95606,0.97106,0.84106,0.00,989810.55
383,2015.04.29 19:25,buy,192,1.00,0.93678,0.92178,1.05178,0.00,990100.07
385,2015.04.30 15:25,buy,193,1.00,0.93682,0.92182,1.05182,0.00,990476.08
387,2015.05.05 17:05,buy,194,1.00,0.93322,0.91822,1.04822,0.00,990231.17
389,2015.05.07 00:03,sell,195,1.00,0.91552,0.93052,0.80052,0.00,989494.99
391,2015.05.11 16:35,sell,196,1.00,0.93270,0.94770,0.81770,0.00,989533.23
393,2015.05.19 15:05,buy,197,1.00,0.93197,0.91697,1.04697,0.00,989372.66
395,2015.05.20 21:05,buy,198,1.00,0.93818,0.92318,1.05318,0.00,989894.62
397,2015.05.28 15:55,sell,199,1.00,0.94883,0.96383,0.83383,0.00,989757.41
398,2015.05.28 19:05,buy,200,1.00,0.94617,0.93117,1.06117,0.00,989757.41
401,2015.06.01 17:05,buy,201,1.00,0.94288,0.92788,1.05788,0.00,990088.63
403,2015.06.08 09:55,sell,202,1.00,0.93873,0.95373,0.82373,0.00,990562.57
405,2015.06.22 21:05,sell,203,1.00,0.92097,0.93597,0.80597,0.00,991872.66
406,2015.06.23 09:05,buy,204,1.00,0.92770,0.91270,1.04270,0.00,991872.66
409,2015.06.29 00:10,buy,205,1.00,0.93777,0.92277,1.05277,0.00,991653.06
411,2015.06.30 09:00,sell,206,1.00,0.93032,0.94532,0.81532,0.00,991701.02
413,2015.07.01 20:00,sell,207,1.00,0.94611,0.96111,0.83111,0.00,991152.22
415,2015.07.02 17:35,buy,208,1.00,0.94344,0.92844,1.05844,0.00,990919.75
417,2015.07.02 21:00,sell,209,1.00,0.94416,0.95916,0.82916,0.00,991020.34
419,2015.07.06 00:10,buy,210,1.00,0.94359,0.92859,1.05859,0.00,991036.23
421,2015.07.06 08:20,sell,211,1.00,0.94370,0.95870,0.82870,0.00,991089.19
423,2015.07.09 12:10,sell,212,1.00,0.94899,0.96399,0.83399,0.00,991204.83
425,2015.07.10 20:35,sell,213,1.00,0.94093,0.95593,0.82593,0.00,991432.52
427,2015.07.14 13:10,buy,214,1.00,0.94454,0.92954,1.05954,0.00,990396.33
429,2015.07.17 09:35,sell,215,1.00,0.95619,0.97119,0.84119,0.00,990559.33
431,2015.08.07 15:35,buy,216,1.00,0.98706,0.97206,1.10206,0.00,990341.47
433,2015.08.12 22:55,sell,217,1.00,0.97462,0.98962,0.85962,0.00,990327.28
435,2015.08.25 09:05,buy,218,1.00,0.93441,0.91941,1.04941,0.00,990035.27
437,2015.08.26 17:20,sell,219,1.00,0.94583,0.96083,0.83083,0.00,990621.70
439,2015.08.31 00:55,buy,220,1.00,0.96330,0.94830,1.07830,0.00,989897.73
441,2015.09.01 10:10,buy,221,1.00,0.96132,0.94632,1.07632,0.00,989849.95
443,2015.09.02 14:20,sell,222,1.00,0.96419,0.97919,0.84919,0.00,990025.44
445,2015.09.04 15:35,buy,223,1.00,0.97505,0.96005,1.09005,0.00,989466.19
447,2015.09.09 05:35,sell,224,1.00,0.97884,0.99384,0.86384,0.00,989464.14
449,2015.09.16 03:55,buy,225,1.00,0.97497,0.95997,1.08997,0.00,989613.52
451,2015.09.21 17:45,sell,226,1.00,0.97156,0.98656,0.85656,0.00,989229.47
452,2015.09.21 20:20,buy,227,1.00,0.96945,0.95445,1.08445,0.00,989229.47
455,2015.09.24 15:40,buy,228,1.00,0.97288,0.95788,1.08788,0.00,989656.44
457,2015.09.25 21:45,sell,229,1.00,0.97969,0.99469,0.86469,0.00,989701.65
458,2015.09.28 12:50,buy,230,1.00,0.97894,0.96394,1.09394,0.00,989701.65
460,2015.09.29 03:05,sell,231,1.00,0.97369,0.98869,0.85869,0.00,989767.23
463,2015.10.01 12:15,buy,232,1.00,0.97794,0.96294,1.09294,0.00,989468.25
465,2015.10.02 21:50,sell,233,1.00,0.97129,0.98629,0.85629,0.00,989416.07
467,2015.11.04 15:20,buy,234,1.00,0.99060,0.97560,1.10560,0.00,988948.15
469,2015.11.13 15:35,sell,235,1.00,1.00043,1.01543,0.88543,0.00,989221.41
471,2015.12.04 15:35,buy,236,1.00,1.00194,0.98694,1.11694,0.00,988536.43
473,2015.12.10 10:30,sell,237,1.00,0.98466,0.99966,0.86966,0.00,988074.66
475,2015.12.21 00:05,buy,238,1.00,0.99256,0.97756,1.10756,0.00,987780.07
477,2015.12.22 17:05,buy,239,1.00,0.98843,0.97343,1.10343,0.00,988073.40
479,2016.01.08 18:10,buy,240,1.00,0.99638,0.98138,1.11138,0.00,987997.90
481,2016.01.29 17:55,sell,241,1.00,1.02325,1.03825,0.90825,0.00,987800.26
483,2016.02.24 18:45,buy,242,1.00,0.98685,0.97185,1.10185,0.00,987819.81
485,2016.03.11 00:50,sell,243,1.00,0.98402,0.99902,0.86902,0.00,988250.05
487,2016.03.16 14:35,buy,244,1.00,0.98944,0.97444,1.10444,0.00,988499.65
489,2016.04.01 15:35,buy,245,1.00,0.95918,0.94418,1.07418,0.00,988635.90
491,2016.04.04 03:00,sell,246,1.00,0.95859,0.97359,0.84359,0.00,988593.42
493,2016.04.12 21:15,sell,247,1.00,0.95515,0.97015,0.84015,0.00,988671.72
495,2016.06.23 09:10,buy,248,1.00,0.95948,0.94448,1.07448,0.00,987430.77
497,2016.06.24 00:10,sell,249,1.00,0.95516,0.97016,0.84016,0.00,987317.04
498,2016.06.24 00:15,buy,250,1.00,0.96085,0.94585,1.07585,0.00,987317.04
501,2016.06.24 16:20,sell,251,1.00,0.97620,0.99120,0.86120,0.00,986942.94
503,2016.06.28 14:00,buy,252,1.00,0.97885,0.96385,1.09385,0.00,987186.60
505,2016.07.08 00:00,sell,253,1.00,0.97691,0.99191,0.86191,0.00,987231.53
507,2016.07.12 11:50,buy,254,1.00,0.98065,0.96565,1.09565,0.00,987085.36
509,2016.07.14 18:05,sell,255,1.00,0.98153,0.99653,0.86653,0.00,987929.13
511,2016.09.16 17:50,sell,256,1.00,0.97844,0.99344,0.86344,0.00,988049.50
513,2016.10.10 00:05,buy,257,1.00,0.97796,0.96296,1.09296,0.00,987842.62
515,2016.10.20 18:00,sell,258,1.00,0.99171,1.00671,0.87671,0.00,988359.38
517,2016.10.25 20:05,buy,259,1.00,0.99420,0.97920,1.10920,0.00,988044.75
519,2016.11.02 14:55,buy,260,1.00,0.97182,0.95682,1.08682,0.00,988034.15
521,2016.11.07 00:05,buy,261,1.00,0.97656,0.96156,1.09156,0.00,988099.96
523,2016.11.14 00:05,buy,262,1.00,0.98903,0.97403,1.10403,0.00,988045.01
525,2016.11.22 01:05,buy,263,1.00,1.00881,0.99381,1.12381,0.00,989152.02
527,2016.12.12 12:40,buy,264,1.00,1.01642,1.00142,1.13142,0.00,989156.98
529,2016.12.14 21:00,sell,265,1.00,1.01108,1.02608,0.89608,0.00,988790.19
531,2016.12.26 11:15,sell,266,1.00,1.02605,1.04105,0.91105,0.00,987643.13
533,2016.12.26 19:00,sell,267,1.00,1.02711,1.04211,0.91211,0.00,987624.62
535,2016.12.26 23:00,sell,268,1.00,1.02650,1.04150,0.91150,0.00,987678.20
537,2017.01.02 15:05,sell,269,1.00,1.02335,1.03835,0.90835,0.00,987392.23
539,2017.01.13 15:35,buy,270,1.00,1.00949,0.99449,1.12449,0.00,987485.87
541,2017.02.09 17:00,buy,271,1.00,0.99983,0.98483,1.11483,0.00,987682.19
543,2017.02.15 15:35,buy,272,1.00,1.01164,0.99664,1.12664,0.00,987772.12
545,2017.02.27 00:01,sell,273,1.00,1.00691,1.02191,0.89191,0.00,986549.70
547,2017.03.15 20:05,sell,274,1.00,1.00443,1.01943,0.88943,0.00,986514.95
549,2017.03.30 16:30,sell,275,1.00,0.99571,1.01071,0.88071,0.00,986940.88
551,2017.04.05 15:20,buy,276,1.00,1.00518,0.99018,1.12018,0.00,986394.42
553,2017.04.07 22:00,sell,277,1.00,1.00884,1.02384,0.89384,0.00,986527.55
555,2017.05.08 00:05,buy,278,1.00,0.98793,0.97293,1.10293,0.00,986685.31
557,2017.05.18 17:40,sell,279,1.00,0.97934,0.99434,0.86434,0.00,987623.85
559,2017.06.19 00:02,sell,280,1.00,0.97200,0.98700,0.85700,0.00,987585.06
561,2017.07.31 12:55,sell,281,1.00,0.96932,0.98432,0.85432,0.00,987418.67
563,2017.08.16 18:00,buy,282,1.00,0.97544,0.96044,1.09044,0.00,987393.92
565,2017.09.01 18:35,sell,283,1.00,0.96219,0.97719,0.84719,0.00,986370.44
567,2017.09.08 19:55,buy,284,1.00,0.94642,0.93142,1.06142,0.00,986490.53
569,2017.09.14 15:35,buy,285,1.00,0.96832,0.95332,1.08332,0.00,988335.77
571,2017.09.20 21:05,buy,286,1.00,0.96572,0.95072,1.08072,0.00,987862.92
573,2017.09.25 00:10,sell,287,1.00,0.96943,0.98443,0.85443,0.00,988317.58
575,2017.10.16 02:10,sell,288,1.00,0.97486,0.98986,0.85986,0.00,988621.12
577,2017.11.01 23:15,sell,289,1.00,1.00329,1.01829,0.88829,0.00,988515.58
579,2017.12.01 19:50,buy,290,1.00,0.97553,0.96053,1.09053,0.00,988880.76
581,2018.01.18 14:50,buy,291,1.00,0.96007,0.94507,1.07507,0.00,989516.79
583,2018.02.02 15:35,buy,292,1.00,0.93183,0.91683,1.04683,0.00,989391.92
585,2018.02.05 18:40,sell,293,1.00,0.93683,0.95183,0.82183,0.00,989446.62
587,2018.02.16 15:50,sell,294,1.00,0.92375,0.93875,0.80875,0.00,989511.10
589,2018.03.12 23:05,sell,295,1.00,0.94636,0.96136,0.83136,0.00,989137.65
591,2018.06.07 00:35,sell,296,1.00,0.98549,1.00049,0.87049,0.00,989062.20
593,2018.06.13 19:20,buy,297,1.00,0.98548,0.97048,1.10048,0.00,989146.49
595,2018.07.12 15:40,sell,298,1.00,0.99815,1.01315,0.88315,0.00,989132.54
597,2018.07.16 01:05,buy,299,1.00,1.00204,0.98704,1.11704,0.00,988746.23
599,2018.07.17 20:45,sell,300,1.00,0.99906,1.01406,0.88406,0.00,988764.19
601,2018.07.31 09:25,buy,301,1.00,0.98803,0.97303,1.10303,0.00,988632.19
603,2018.08.06 00:05,sell,302,1.00,0.99305,1.00805,0.87805,0.00,988647.37
605,2018.09.20 16:40,buy,303,1.00,0.96161,0.94661,1.07661,0.00,988368.19
607,2018.10.22 01:05,buy,304,1.00,0.99633,0.98133,1.11133,0.00,987896.18
609,2018.12.12 14:40,sell,305,1.00,0.99465,1.00965,0.87965,0.00,987983.42
611,2018.12.27 19:05,sell,306,1.00,0.98934,1.00434,0.87434,0.00,988223.27
613,2018.12.31 00:15,buy,307,1.00,0.98431,0.96931,1.09931,0.00,988670.19
615,2018.12.31 10:00,buy,308,1.00,0.98642,0.97142,1.10142,0.00,988671.21
617,2019.01.23 15:20,buy,309,1.00,0.99775,0.98275,1.11275,0.00,988923.91
619,2019.02.25 00:15,sell,310,1.00,1.00044,1.01544,0.88544,0.00,988621.32
621,2019.03.05 17:05,buy,311,1.00,1.00264,0.98764,1.11764,0.00,988708.36
623,2019.03.07 16:50,sell,312,1.00,1.00799,1.02299,0.89299,0.00,988945.17
625,2019.06.18 11:05,buy,313,1.00,0.99821,0.98321,1.11321,0.00,988632.47
627,2019.06.27 12:10,buy,314,1.00,0.97953,0.96453,1.09453,0.00,988778.52
629,2019.07.11 15:35,buy,315,1.00,0.98745,0.97245,1.10245,0.00,988504.54
631,2019.07.25 14:50,buy,316,1.00,0.98696,0.97196,1.10196,0.00,988626.93
633,2019.07.31 21:05,buy,317,1.00,0.99082,0.97582,1.10582,0.00,989011.95
635,2019.08.13 15:35,buy,318,1.00,0.96828,0.95328,1.08328,0.00,989340.89
637,2019.08.22 16:50,sell,319,1.00,0.98283,0.99783,0.86783,0.00,990158.72
639,2019.08.23 17:10,buy,320,1.00,0.98398,0.96898,1.09898,0.00,990009.51
641,2019.09.05 19:05,sell,321,1.00,0.98673,1.00173,0.87173,0.00,989448.80
643,2020.01.22 10:00,buy,322,1.00,0.97209,0.95709,1.08709,0.00,989483.40
645,2020.01.23 11:00,buy,323,1.00,0.96906,0.95406,1.08406,0.00,989093.98
647,2020.03.09 20:15,buy,324,1.00,0.92643,0.91143,1.04143,0.00,989151.73
648,2020.03.10 08:10,sell,325,1.00,0.93536,0.95036,0.82036,0.00,989151.73
650,2020.03.10 14:55,buy,326,1.00,0.93157,0.91657,1.04657,0.00,990111.94
653,2020.03.11 09:05,buy,327,1.00,0.93380,0.91880,1.04880,0.00,991037.77
655,2020.03.12 14:50,sell,328,1.00,0.93734,0.95234,0.82234,0.00,991238.69
657,2020.03.16 09:30,buy,329,1.00,0.94817,0.93317,1.06317,0.00,989663.62
659,2020.03.20 05:05,buy,330,1.00,0.98183,0.96683,1.09683,0.00,989585.74
661,2020.03.20 21:40,sell,331,1.00,0.98928,1.00428,0.87428,0.00,990064.17
663,2020.03.25 12:35,buy,332,1.00,0.97989,0.96489,1.09489,0.00,990727.85
665,2020.03.30 00:05,buy,333,1.00,0.95265,0.93765,1.06765,0.00,990442.39
667,2020.04.09 00:00,sell,334,1.00,0.97131,0.98631,0.85631,0.00,991174.22
669,2020.04.09 17:55,buy,335,1.00,0.96784,0.95284,1.08284,0.00,991203.06
671,2020.05.08 15:35,buy,336,1.00,0.97227,0.95727,1.08727,0.00,990964.12
673,2020.06.23 12:15,buy,337,1.00,0.94548,0.93048,1.06048,0.00,990772.43
675,2020.06.30 17:20,buy,338,1.00,0.95005,0.93505,1.06505,0.00,990725.87
677,2020.07.15 16:05,sell,339,1.00,0.94172,0.95672,0.82672,0.00,990315.71
679,2020.09.01 17:00,sell,340,1.00,0.90648,0.92148,0.79148,0.00,989955.56
681,2020.09.21 00:10,sell,341,1.00,0.90974,0.92474,0.79474,0.00,989610.29
683,2020.12.04 00:05,buy,342,1.00,0.89152,0.87652,1.00652,0.00,989532.31
685,2020.12.15 13:50,sell,343,1.00,0.88597,0.90097,0.77097,0.00,989418.77
687,2020.12.24 20:15,sell,344,1.00,0.89118,0.90618,0.77618,0.00,989363.49
689,2021.01.11 00:05,buy,345,1.00,0.88599,0.87099,1.00099,0.00,989510.03
691,2021.05.04 18:15,buy,346,1.00,0.91389,0.89889,1.02889,0.00,989671.17
693,2021.05.07 19:10,buy,347,1.00,0.90196,0.88696,1.01696,0.00,989897.22
695,2021.05.18 00:35,sell,348,1.00,0.90238,0.91738,0.78738,0.00,989851.70
697,2021.05.31 00:05,sell,349,1.00,0.89956,0.91456,0.78456,0.00,989879.41
699,2021.06.17 20:05,sell,350,1.00,0.91792,0.93292,0.80292,0.00,989938.36
701,2021.08.10 00:00,sell,351,1.00,0.91975,0.93475,0.80475,0.00,990004.74
703,2021.08.16 00:10,buy,352,1.00,0.91671,0.90171,1.03171,0.00,989941.72
705,2021.09.15 00:05,sell,353,1.00,0.91933,0.93433,0.80433,0.00,989464.93
707,2021.09.22 21:40,buy,354,1.00,0.92497,0.90997,1.03997,0.00,989426.87
709,2021.11.22 18:10,sell,355,1.00,0.93114,0.94614,0.81614,0.00,989458.50
711,2021.11.29 03:05,sell,356,1.00,0.92494,0.93994,0.80994,0.00,989313.41
713,2021.12.10 15:35,sell,357,1.00,0.92253,0.93753,0.80753,0.00,989316.65
715,2022.01.24 00:15,sell,358,1.00,0.91130,0.92630,0.79630,0.00,989330.74
717,2022.02.03 17:50,buy,359,1.00,0.91943,0.90443,1.03443,0.00,989290.16
719,2022.02.28 00:05,buy,360,1.00,0.92636,0.91136,1.04136,0.00,989923.73
721,2022.04.01 15:35,buy,361,1.00,0.92527,0.91027,1.04027,0.00,989914.01
723,2022.05.02 03:05,sell,362,1.00,0.97341,0.98841,0.85841,0.00,990127.66
725,2022.05.09 10:50,sell,363,1.00,0.99332,1.00832,0.87832,0.00,989993.26
727,2022.05.17 16:05,buy,364,1.00,0.99308,0.97808,1.10808,0.00,990117.31
729,2022.05.20 00:05,sell,365,1.00,0.97146,0.98646,0.85646,0.00,990513.99
731,2022.06.15 21:05,buy,366,1.00,1.00485,0.98985,1.11985,0.00,990537.67
733,2022.06.16 12:25,buy,367,1.00,0.98042,0.96542,1.09542,0.00,989038.59
735,2022.06.23 12:10,sell,368,1.00,0.96626,0.98126,0.85126,0.00,987484.86
737,2022.06.24 13:40,buy,369,1.00,0.95754,0.94254,1.07254,0.00,987491.07
739,2022.07.19 12:35,buy,370,1.00,0.97037,0.95537,1.08537,0.00,987650.60
741,2022.07.25 00:11,buy,371,1.00,0.96296,0.94796,1.07796,0.00,987483.70
743,2022.07.29 00:10,buy,372,1.00,0.95567,0.94067,1.07067,0.00,987590.55
745,2022.08.11 11:50,buy,373,1.00,0.94068,0.92568,1.05568,0.00,987337.73
747,2022.08.12 17:05,buy,374,1.00,0.94347,0.92847,1.05847,0.00,987479.98
749,2022.08.26 17:05,buy,375,1.00,0.96280,0.94780,1.07780,0.00,987284.75
751,2022.09.13 17:50,sell,376,1.00,0.96121,0.97621,0.84621,0.00,987598.47
753,2022.09.22 10:35,buy,377,1.00,0.97288,0.95788,1.08788,0.00,987571.84
755,2022.09.26 14:35,sell,378,1.00,0.99039,1.00539,0.87539,0.00,988474.32
757,2022.09.28 10:05,sell,379,1.00,0.99350,1.00850,0.87850,0.00,988329.18
759,2022.09.29 19:45,buy,380,1.00,0.97966,0.96466,1.09466,0.00,990108.66
761,2022.10.04 19:55,buy,381,1.00,0.98058,0.96558,1.09558,0.00,989750.47
763,2022.10.10 17:35,sell,382,1.00,0.99848,1.01348,0.88348,0.00,990096.44
765,2022.10.12 14:00,sell,383,1.00,0.99509,1.01009,0.88009,0.00,990666.65
767,2022.10.20 15:40,buy,384,1.00,1.00235,0.98735,1.11735,0.00,989761.58
768,2022.10.20 21:35,sell,385,1.00,1.00349,1.01849,0.88849,0.00,989761.58
771,2022.10.25 18:50,buy,386,1.00,0.99584,0.98084,1.11084,0.00,989675.17
773,2022.10.31 17:25,sell,387,1.00,1.00178,1.01678,0.88678,0.00,988741.19
775,2022.11.11 21:45,buy,388,1.00,0.94117,0.92617,1.05617,0.00,989019.47
777,2022.11.15 15:35,sell,389,1.00,0.93787,0.95287,0.82287,0.00,989290.96
779,2022.12.02 17:35,sell,390,1.00,0.94205,0.95705,0.82705,0.00,988679.00
781,2022.12.05 20:15,sell,391,1.00,0.94195,0.95695,0.82695,0.00,989146.12
614,2018.12.31 04:55,close,307,1.00,0.98432,0.96931,1.09931,1.02,988671.21
712,2021.11.29 18:30,close,356,1.00,0.92491,0.93994,0.80994,3.24,989316.65
526,2016.11.22 05:30,close,263,1.00,1.00886,0.99381,1.12381,4.96,989156.98
736,2022.06.23 14:10,close,368,1.00,0.96620,0.98126,0.85126,6.21,987491.07
124,2011.06.22 12:05,close,62,1.00,0.84224,0.82718,0.95718,7.12,992278.34
308,2014.07.22 18:10,close,154,1.00,0.90226,0.88718,1.01718,8.87,987937.46
176,2011.10.28 16:20,close,88,1.00,0.86283,0.84773,0.97773,11.59,989237.09
714,2021.12.10 17:35,close,357,1.00,0.92240,0.93753,0.80753,14.09,989330.74
159,2011.09.19 02:05,close,79,1.00,0.88096,0.86583,0.99583,14.76,989860.00
602,2018.07.31 12:10,close,301,1.00,0.98818,0.97303,1.10303,15.18,988647.37
418,2015.07.02 22:55,close,209,1.00,0.94401,0.95916,0.82916,15.89,991036.23
598,2018.07.16 02:55,close,299,1.00,1.00222,0.98704,1.11704,17.96,988764.19
482,2016.01.29 20:20,close,241,1.00,1.02305,1.03825,0.90825,19.55,987819.81
2,2010.01.18 02:10,close,1,1.00,1.02814,1.01293,1.14293,20.43,1000020.43
194,2012.01.23 23:00,close,97,1.00,0.92764,0.94284,0.81284,21.56,987721.54
274,2013.08.20 22:35,close,137,1.00,0.91729,0.93250,0.80250,22.89,986295.88
730,2022.05.20 08:00,close,365,1.00,0.97123,0.98646,0.85646,23.68,990537.67
236,2013.01.31 09:10,close,118,1.00,0.91142,0.89635,1.02635,24.18,988248.32
696,2021.05.18 06:50,close,348,1.00,0.90213,0.91738,0.78738,27.71,989879.41
668,2020.04.09 11:30,close,334,1.00,0.97103,0.98631,0.85631,28.84,991203.06
708,2021.09.23 14:35,close,354,1.00,0.92511,0.90997,1.03997,31.63,989458.50
642,2019.09.06 01:00,close,321,1.00,0.98628,1.00173,0.87173,34.60,989483.40
62,2010.09.27 06:35,close,31,1.00,0.98524,1.00070,0.87070,35.66,1000948.09
390,2015.05.07 09:55,close,195,1.00,0.91517,0.93052,0.80052,38.24,989533.23
504,2016.06.28 17:50,close,252,1.00,0.97929,0.96385,1.09385,44.93,987231.53
456,2015.09.24 20:00,close,228,1.00,0.97332,0.95788,1.08788,45.21,989701.65
310,2014.08.04 15:50,close,155,1.00,0.90657,0.92209,0.79209,46.33,987983.79
286,2013.12.12 06:05,close,143,1.00,0.88676,0.87149,1.00149,46.95,986192.84
410,2015.06.29 06:05,close,205,1.00,0.93822,0.92277,1.05277,47.96,991701.02
400,2015.06.01 12:15,close,200,1.00,0.94654,0.93117,1.06117,50.09,990088.63
420,2015.07.06 07:15,close,210,1.00,0.94409,0.92859,1.05859,52.96,991089.19
534,2016.12.26 21:25,close,267,1.00,1.02656,1.04211,0.91211,53.58,987678.20
584,2018.02.02 17:25,close,292,1.00,0.93234,0.91683,1.04683,54.70,989446.62
646,2020.01.23 19:05,close,323,1.00,0.96962,0.95406,1.08406,57.75,989151.73
698,2021.05.31 06:35,close,349,1.00,0.89903,0.91456,0.78456,58.95,989938.36
66,2010.09.28 20:50,close,33,1.00,0.97636,0.96075,1.09075,62.48,1002038.50
586,2018.02.07 01:15,close,293,1.00,0.93602,0.95183,0.82183,64.48,989511.10
312,2014.08.14 07:05,close,156,1.00,0.90780,0.92369,0.79369,64.95,988048.74
82,2010.12.09 12:20,close,41,1.00,0.98758,0.97210,1.10210,65.10,999670.29
459,2015.09.28 12:50,close,229,1.00,0.97894,0.99469,0.86469,65.58,989767.23
520,2016.11.02 20:30,close,260,1.00,0.97246,0.95682,1.08682,65.81,988099.96
700,2021.06.18 07:05,close,350,1.00,0.91721,0.93292,0.80292,66.38,990004.74
316,2014.08.19 16:25,close,158,1.00,0.90869,0.89305,1.02305,70.43,988090.39
268,2013.07.08 09:45,close,134,1.00,0.96491,0.98060,0.85060,71.51,986547.47
302,2014.06.17 16:15,close,151,1.00,0.89996,0.88431,1.01431,72.23,987902.78
328,2014.12.05 17:30,close,164,1.00,0.97846,0.96272,1.09272,75.63,987815.43
229,2012.11.20 01:05,close,114,1.00,0.94219,0.92652,1.05652,76.61,988920.01
304,2014.06.26 08:25,close,152,1.00,0.89234,0.87680,1.00680,77.02,987979.80
492,2016.04.04 05:05,close,246,1.00,0.95784,0.97359,0.84359,78.30,988671.72
74,2010.10.22 12:30,close,37,1.00,0.97400,0.98977,0.85977,79.06,1001525.57
214,2012.05.16 20:45,close,107,1.00,0.94379,0.92800,1.05800,83.71,988824.63
592,2018.06.07 09:05,close,296,1.00,0.98466,1.00049,0.87049,84.29,989146.49
620,2019.02.25 04:15,close,310,1.00,0.99957,1.01544,0.88544,87.04,988708.36
608,2018.10.22 13:15,close,304,1.00,0.99720,0.98133,1.11133,87.24,987983.42
184,2011.11.28 06:30,close,92,1.00,0.92845,0.91262,1.04262,89.40,989352.41
542,2017.02.09 18:40,close,271,1.00,1.00073,0.98483,1.11483,89.93,987772.12
56,2010.09.14 23:55,close,28,1.00,0.99580,0.97990,1.10990,90.38,1002031.58
36,2010.06.24 10:55,close,18,1.00,1.10547,1.08969,1.21969,92.56,1001972.81
538,2017.01.03 04:35,close,269,1.00,1.02228,1.03835,0.90835,93.64,987485.87
416,2015.07.02 19:55,close,208,1.00,0.94439,0.92844,1.05844,100.59,991020.34
120,2011.05.09 18:15,close,60,1.00,0.87546,0.89138,0.76138,105.09,994018.36
260,2013.06.18 11:35,close,130,1.00,0.92034,0.93642,0.80642,106.32,985266.73
742,2022.07.25 04:05,close,371,1.00,0.96399,0.94796,1.07796,106.85,987590.55
52,2010.08.31 16:05,close,26,1.00,1.01786,1.03395,0.90395,107.09,1003008.06
12,2010.03.16 21:05,close,6,1.00,1.05454,1.07067,0.94067,107.16,1001157.87
276,2013.09.02 02:05,close,138,1.00,0.93248,0.91646,1.04646,109.39,986405.27
769,2022.10.20 21:35,close,384,1.00,1.00349,0.98735,1.11735,113.60,989875.18
364,2015.02.27 01:10,close,182,1.00,0.95242,0.96861,0.83861,113.91,987945.47
204,2012.04.06 22:40,close,102,1.00,0.91714,0.93320,0.80320,115.58,987660.30
422,2015.07.06 20:30,close,211,1.00,0.94261,0.95870,0.82870,115.64,991204.83
70,2010.10.18 00:45,close,35,1.00,0.95819,0.97443,0.84443,118.38,1001827.89
324,2014.10.31 18:35,close,162,1.00,0.96204,0.97818,0.84818,118.50,987936.65
318,2014.08.20 22:00,close,159,1.00,0.91337,0.89728,1.02728,119.34,988209.73
566,2017.09.04 06:15,close,283,1.00,0.96093,0.97719,0.84719,120.09,986490.53
510,2016.07.14 20:30,close,255,1.00,0.98035,0.99653,0.86653,120.37,988049.50
630,2019.07.11 18:15,close,315,1.00,0.98866,0.97245,1.10245,122.39,988626.93
190,2011.12.21 22:00,close,95,1.00,0.93554,0.91938,1.04938,123.99,987834.11
726,2022.05.10 06:15,close,363,1.00,0.99198,1.00832,0.87832,124.05,990117.31
218,2012.06.25 02:45,close,109,1.00,0.95777,0.94152,1.07152,130.51,988438.15
376,2015.03.19 23:45,close,188,1.00,0.98993,1.00624,0.87624,132.33,988802.99
552,2017.04.05 20:45,close,276,1.00,1.00652,0.99018,1.12018,133.13,986527.55
488,2016.03.16 17:15,close,244,1.00,0.99079,0.97444,1.10444,136.25,988635.90
746,2022.08.11 22:55,close,373,1.00,0.94202,0.92568,1.05568,142.25,987479.98
626,2019.06.18 13:20,close,313,1.00,0.99967,0.98321,1.11321,146.05,988778.52
688,2020.12.28 09:10,close,344,1.00,0.88968,0.90618,0.77618,146.54,989510.03
448,2015.09.09 19:10,close,224,1.00,0.97738,0.99384,0.86384,149.38,989613.52
356,2015.02.02 05:10,close,178,1.00,0.92518,0.90884,1.03884,150.34,986438.84
354,2015.01.28 13:15,close,177,1.00,0.90053,0.91691,0.78691,153.24,986288.50
196,2012.02.07 16:05,close,98,1.00,0.91739,0.93380,0.80380,153.70,987875.24
554,2017.04.10 00:05,close,277,1.00,1.00714,1.02384,0.89384,157.76,986685.31
738,2022.06.24 21:00,close,369,1.00,0.95907,0.94254,1.07254,159.53,987650.60
690,2021.01.11 02:50,close,345,1.00,0.88742,0.87099,1.00099,161.14,989671.17
428,2015.07.15 09:55,close,214,1.00,0.94603,0.92954,1.05954,163.00,990559.33
230,2012.11.20 05:40,close,115,1.00,0.94065,0.95719,0.82719,163.72,989083.73
130,2011.07.21 17:05,close,65,1.00,0.81902,0.83538,0.70538,166.05,991317.96
374,2015.03.16 01:50,close,187,1.00,1.00661,0.98994,1.11994,171.40,988670.66
212,2012.05.07 10:35,close,106,1.00,0.92361,0.94022,0.81022,174.32,988740.92
442,2015.09.01 13:40,close,221,1.00,0.96301,0.94632,1.07632,175.49,990025.44
164,2011.09.23 22:05,close,82,1.00,0.90538,0.92201,0.79201,180.03,989875.73
284,2013.11.21 15:30,close,142,1.00,0.91513,0.89861,1.02861,182.60,986145.89
95,2011.01.31 21:00,close,47,1.00,0.94329,0.92653,1.05653,186.58,997266.14
152,2011.09.12 23:10,close,76,1.00,0.88106,0.89786,0.76786,193.27,991075.16
88,2011.01.17 06:15,close,44,1.00,0.96439,0.98138,0.85138,195.32,997914.83
540,2017.01.16 22:35,close,270,1.00,1.01142,0.99449,1.12449,196.32,987682.19
654,2020.03.11 11:05,close,327,1.00,0.93568,0.91880,1.04880,200.92,991238.69
454,2015.09.22 00:00,close,227,1.00,0.97143,0.95445,1.08445,209.32,989656.44
722,2022.04.04 13:30,close,361,1.00,0.92720,0.91027,1.04027,213.65,990127.66
100,2011.03.18 19:00,close,50,1.00,0.90100,0.91804,0.78804,215.39,997189.59
453,2015.09.21 20:20,close,226,1.00,0.96945,0.98656,0.85656,217.65,989447.12
500,2016.06.24 01:50,close,250,1.00,0.96295,0.94585,1.07585,218.08,986942.94
30,2010.06.02 07:30,close,15,1.00,1.15807,1.14053,1.27053,219.33,1002853.03
692,2021.05.05 11:15,close,346,1.00,0.91591,0.89889,1.02889,226.05,989897.22
48,2010.08.13 19:25,close,24,1.00,1.05117,1.06855,0.93855,226.41,1002482.60
424,2015.07.10 06:10,close,212,1.00,0.94673,0.96399,0.83399,227.69,991432.52
462,2015.09.29 20:15,close,231,1.00,0.97141,0.98869,0.85869,234.71,989468.25
622,2019.03.05 20:10,close,311,1.00,1.00502,0.98764,1.11764,236.81,988945.17
96,2011.02.01 12:10,close,48,1.00,0.94095,0.95829,0.82829,237.65,997503.79
18,2010.04.02 02:25,close,9,1.00,1.05440,1.03693,1.16693,239.76,1000781.91
610,2018.12.12 19:10,close,305,1.00,0.99227,1.00965,0.87965,239.85,988223.27
222,2012.07.30 11:25,close,111,1.00,0.97907,0.96169,1.09169,243.09,989056.49
502,2016.06.27 10:10,close,251,1.00,0.97372,0.99120,0.86120,243.66,987186.60
242,2013.03.13 15:35,close,121,1.00,0.95129,0.93392,1.06392,249.14,988313.76
486,2016.03.11 21:05,close,243,1.00,0.98157,0.99902,0.86902,249.60,988499.65
616,2019.01.02 17:45,close,308,1.00,0.98881,0.97142,1.10142,252.70,988923.91
114,2011.05.02 17:35,close,57,1.00,0.86404,0.88124,0.75124,254.62,993708.42
208,2012.04.27 01:15,close,104,1.00,0.91119,0.89387,1.02387,260.11,988237.28
370,2015.03.06 17:10,close,185,1.00,0.98143,0.96381,1.09381,266.96,988125.44
782,2022.12.06 15:40,close,391,1.00,0.93932,0.95695,0.82695,268.96,989415.07
776,2022.11.14 02:20,close,388,1.00,0.94368,0.92617,1.05617,271.48,989290.96
468,2015.11.05 07:30,close,234,1.00,0.99315,0.97560,1.10560,273.26,989221.41
774,2022.11.01 09:25,close,387,1.00,0.99889,1.01678,0.88678,278.29,989019.47
399,2015.05.28 19:05,close,199,1.00,0.94617,0.96383,0.83383,281.13,990038.54
265,2013.06.21 18:45,close,132,1.00,0.93552,0.91792,1.04792,283.42,986560.69
382,2015.04.24 11:10,close,191,1.00,0.95330,0.97106,0.84106,289.52,990100.07
476,2015.12.21 12:25,close,238,1.00,0.99548,0.97756,1.10756,293.33,988073.40
574,2017.09.26 03:15,close,287,1.00,0.96639,0.98443,0.85443,303.54,988621.12
750,2022.08.26 21:00,close,375,1.00,0.96583,0.94780,1.07780,313.72,987598.47
4,2010.02.04 11:15,close,2,1.00,1.06205,1.04398,1.17398,316.56,1000336.99
206,2012.04.10 11:25,close,103,1.00,0.91835,0.90044,1.03044,316.87,987977.17
634,2019.07.31 23:25,close,317,1.00,0.99409,0.97582,1.10582,328.94,989340.89
210,2012.05.02 11:50,close,105,1.00,0.91400,0.89599,1.02599,329.32,988566.60
762,2022.10.05 15:15,close,381,1.00,0.98393,0.96558,1.09558,345.97,990096.44
16,2010.03.29 21:00,close,8,1.00,1.06390,1.08273,0.95273,360.00,1000542.15
292,2014.01.27 01:00,close,146,1.00,0.89405,0.91240,0.78240,363.67,986833.65
578,2017.11.02 14:55,close,289,1.00,0.99931,1.01829,0.88829,365.18,988880.76
348,2015.01.26 04:05,close,174,1.00,0.87738,0.89560,0.76560,367.00,985116.78
288,2014.01.02 10:45,close,144,1.00,0.89644,0.87811,1.00811,371.47,986564.31
373,2015.03.13 19:55,close,186,1.00,1.00494,1.02414,0.89414,373.82,988499.26
220,2012.07.03 20:35,close,110,1.00,0.95263,0.93416,1.06416,375.25,988813.40
384,2015.04.30 07:00,close,192,1.00,0.94016,0.92178,1.05178,376.01,990476.08
168,2011.10.04 21:15,close,84,1.00,0.92376,0.90524,1.03524,381.05,989742.46
632,2019.07.26 03:10,close,316,1.00,0.99072,0.97196,1.10196,385.02,989011.95
336,2015.01.12 11:55,close,168,1.00,1.01653,0.99758,1.12758,388.58,988585.33
118,2011.05.06 11:15,close,59,1.00,0.87272,0.85428,0.98428,394.17,993913.27
728,2022.05.18 11:30,close,364,1.00,0.99698,0.97808,1.10808,396.68,990513.99
651,2020.03.10 14:55,close,325,1.00,0.93157,0.95036,0.82036,406.84,990518.78
50,2010.08.19 19:35,close,25,1.00,1.03258,1.01326,1.14326,418.37,1002900.97
548,2017.03.15 22:30,close,274,1.00,1.00017,1.01943,0.88943,425.93,986940.88
484,2016.02.25 12:00,close,242,1.00,0.99095,0.97185,1.10185,430.24,988250.05
612,2018.12.28 05:30,close,306,1.00,0.98483,1.00434,0.87434,446.92,988670.19
572,2017.09.21 01:35,close,286,1.00,0.96997,0.95072,1.08072,454.66,988317.58
380,2015.04.20 13:30,close,190,1.00,0.95640,0.93703,1.06703,456.92,989810.55
350,2015.01.26 12:00,close,175,1.00,0.88531,0.86621,0.99621,463.11,985579.89
780,2022.12.02 19:50,close,390,1.00,0.93767,0.95705,0.82705,467.12,989146.12
402,2015.06.01 19:30,close,201,1.00,0.94737,0.92788,1.05788,473.94,990562.57
660,2020.03.20 19:15,close,330,1.00,0.98655,0.96683,1.09683,478.43,990064.17
180,2011.11.07 04:45,close,90,1.00,0.89296,0.87367,1.00367,480.42,990432.82
514,2016.10.10 16:45,close,257,1.00,0.98304,0.96296,1.09296,516.76,988359.38
408,2015.06.23 14:45,close,204,1.00,0.93252,0.91270,1.04270,516.88,991653.06
652,2020.03.10 19:45,close,326,1.00,0.93643,0.91657,1.04657,518.99,991037.77
394,2015.05.19 17:35,close,197,1.00,0.93686,0.91697,1.04697,521.96,989894.62
378,2015.04.13 14:20,close,189,1.00,0.98506,0.96469,1.09469,550.64,989353.63
352,2015.01.27 13:10,close,176,1.00,0.89850,0.91849,0.78849,555.37,986135.26
764,2022.10.11 20:55,close,382,1.00,0.99271,1.01348,0.88348,570.21,990666.65
332,2014.12.11 18:00,close,166,1.00,0.97016,0.94956,1.07956,577.22,988216.67
436,2015.08.26 03:30,close,218,1.00,0.93987,0.91941,1.04941,586.43,990621.70
296,2014.03.21 09:25,close,148,1.00,0.88354,0.86325,0.99325,620.73,987112.74
718,2022.02.07 01:05,close,359,1.00,0.92519,0.90443,1.03443,633.57,989923.73
580,2017.12.04 02:05,close,290,1.00,0.98172,0.96053,1.09053,636.03,989516.79
254,2013.05.27 10:10,close,127,1.00,0.96070,0.98217,0.85217,651.41,987287.47
142,2011.08.15 16:20,close,71,1.00,0.78411,0.80423,0.67423,652.97,991390.49
346,2015.01.22 17:10,close,173,1.00,0.86131,0.84066,0.97066,655.98,984749.78
662,2020.03.23 06:35,close,331,1.00,0.98265,1.00428,0.87428,663.68,990727.85
136,2011.08.04 02:05,close,68,1.00,0.77031,0.75024,0.88024,674.68,991259.90
342,2015.01.20 13:25,close,171,1.00,0.87325,0.89445,0.76445,709.99,985858.82
248,2013.04.23 19:05,close,124,1.00,0.94290,0.92118,1.05118,712.69,987737.85
178,2011.11.04 17:05,close,89,1.00,0.88912,0.86776,0.99776,715.31,989952.40
666,2020.03.31 03:25,close,333,1.00,0.95962,0.93765,1.06765,731.83,991174.22
298,2014.04.03 17:25,close,149,1.00,0.89185,0.86986,0.99986,800.26,987913.00
636,2019.08.14 00:05,close,318,1.00,0.97621,0.95328,1.08328,817.83,990158.72
363,2015.02.26 17:35,close,181,1.00,0.95361,0.93065,1.06065,834.72,987831.56
508,2016.07.13 00:00,close,254,1.00,0.98894,0.96565,1.09565,843.77,987929.13
754,2022.09.22 18:20,close,377,1.00,0.98174,0.95788,1.08788,902.48,988474.32
360,2015.02.24 08:45,close,180,1.00,0.94960,0.92581,1.05581,931.15,986996.84
556,2017.05.08 18:40,close,278,1.00,0.99729,0.97293,1.10293,938.54,987623.85
649,2020.03.10 08:10,close,324,1.00,0.93536,0.91143,1.04143,960.21,990111.94
10,2010.03.05 00:35,close,5,1.00,1.07691,1.05159,1.18159,980.30,1001050.71
262,2013.06.20 06:55,close,131,1.00,0.92954,0.90530,1.03530,1010.54,986277.27
65,2010.09.28 18:00,close,32,1.00,0.97575,1.00078,0.87078,1027.93,1001976.02
44,2010.07.12 12:00,close,22,1.00,1.06652,1.04017,1.17017,1064.21,1002576.84
524,2016.11.16 07:10,close,262,1.00,0.99999,0.97403,1.10403,1107.01,989152.02
134,2011.08.03 11:00,close,67,1.00,0.77615,0.75240,0.88240,1127.36,990585.22
404,2015.06.09 09:05,close,202,1.00,0.92649,0.95373,0.82373,1310.09,991872.66
139,2011.08.11 11:50,close,69,1.00,0.73710,0.71125,0.84125,1471.98,992731.88
758,2022.09.28 20:30,close,379,1.00,0.97613,1.00850,0.87850,1779.48,990108.66
568,2017.09.13 18:45,close,284,1.00,0.96405,0.93142,1.06142,1845.24,988335.77
148,2011.08.29 02:10,close,74,1.00,0.80848,0.77824,0.90824,1896.02,992790.04
22,2010.05.20 01:50,close,11,1.00,1.15220,1.10348,1.23348,2959.58,1003717.33